id;title;category;description
1;Outdoors Ergonomic Granite Towels compress;Awesome;coherent Metal Legacy
2;Savings Account bypassing;Palladium Beauty;channels deploy
3;transmitter;transmit Land Luxembourg;holistic
4;Investor synthesize;Outdoors Ohio protocol;Handmade User-centric value-added
5;New Caledonia;24 hour interface Rubber;utilize Director Dynamic
6;interactive Mall;Administrator Exclusive National;asynchronous Handmade
7;deposit;Missouri Park;Cambridgeshire object-oriented withdrawal
8;Michigan;connect Cotton Hawaii;Maryland Operations Steel
9;olive National;Coordinator Fiji;Generic Berkshire Nevada
10;back up;Trinidad and Tobago Dollar;Multi-tiered port
