id;memberid;name;game_title
1;41656;Licensed Soft Pants Mount;embrace
2;61653;Wyoming archive reboot;withdrawal Metal Handmade
3;23124;Liechtenstein;holistic Multi-tiered
4;55190;Direct;Savings Account Berkshire
5;81544;transmit;generate Practical Cotton Computer
6;49058;Upgradable Directives;RSS Fundamental
7;89802;quantifying port Shirt;Secured connect
8;79611;Tactics;hacking Bike
9;78114;bandwidth calculating;Money Market Account
10;27979;indexing;contextually-based Architect Checking Account
